{"id":"5459","dataset":"krs_podmioty","url":"https:\/\/api-v3.mojepanstwo.pl\/dane\/krs_podmioty\/5459","mp_url":"https:\/\/mojepanstwo.pl\/dane\/krs_podmioty\/5459","schema_url":"https:\/\/api-v3.mojepanstwo.pl\/schemas\/dane\/krs_podmioty.json","global_id":"3155659","slug":"ing-bank-slaski","score":null,"data":{"krs_podmioty.data_wyrejestrowania_przedsiebiorcy":null,"krs_podmioty.data_wykreslenia_stowarzyszenia":null,"krs_podmioty.data_sprawdzenia":"2018-09-06T10:29:32","krs_podmioty.adres_lokal":"","krs_podmioty.adres_miejscowosc":"Katowice","krs_podmioty.liczba_czlonkow_komitetu_zal":"0","krs_podmioty.regon":"271514909","krs_podmioty.akcept":"1","krs_podmioty.forma_prawna_typ_id":"1","krs_podmioty.liczba_zmian_umow":"0","krs_podmioty.siedziba":"kraj POLSKA, woj. \u015aL\u0104SKIE, powiat M. KATOWICE, gmina M. KATOWICE, miejsc. KATOWICE","krs_podmioty.wartosc_kapital_zakladowy":130100000,"krs_podmioty.rejestr_stowarzyszen":"0","krs_podmioty.nazwa":"ING BANK \u015aL\u0104SKI SP\u00d3\u0141KA AKCYJNA","krs_podmioty.adres_kod_pocztowy":"40-086","krs_podmioty.empty":"0","krs_podmioty.nip":"6340135475","krs_podmioty.liczba_prokurentow":"0","krs_podmioty.nieprzedsiebiorca":"0","krs_podmioty.www":"","krs_podmioty.forma_prawna_str":"SP\u00d3\u0141KA AKCYJNA","krs_podmioty.nazwa_organu_reprezentacji":"ZARZ\u0104D","krs_podmioty.wczesniejsza_rejestracja_str":"RHB 7130 S\u0104D REJONOWY W KATOWICACH WYDZIA\u0141 VIII GOSPODARCZO-REJESTROWY","krs_podmioty.adres":"ul. SOKOLSKA, nr 34, lok. ---, miejsc. KATOWICE, kod 40-086, poczta KATOWICE, kraj POLSKA","krs_podmioty.id":"5459","krs_podmioty.liczba_akcji_wszystkich_emisji":"130100000","krs_podmioty.dotacje_ue_beneficjent_id":"0","krs_podmioty.person_id":["7565","7567","7568","56928","141989","553108","935197","1118076","1118077","1228898","1228899","1253875","1366463","1371016","1400017","1505886","1510761","1710192","2354429","2354430","2358883","2358884","2358885","2358886"],"krs_podmioty.liczba_emisji_akcji":"0","krs_podmioty.twitter_account_id":"0","krs_podmioty.data_dokonania_wpisu":"2019-01-30","krs_podmioty.nazwa_organu_nadzoru":"","krs_podmioty.wartosc_czesc_kapitalu_wplaconego":130100000,"krs_podmioty.rejestr":"1","krs_podmioty.wartosc_nominalna_podwyzszenia_kapitalu":0,"krs_podmioty.data_rejestracji_przedsiebiorcy":"2001-04-10","krs_podmioty.firma":"ING BANK \u015aL\u0104SKI SP\u00d3\u0141KA AKCYJNA","krs_podmioty.opp":"0","krs_podmioty.gpw":true,"krs_podmioty.liczba_dzialalnosci":"0","krs_podmioty.numer_wpisu":"116","krs_podmioty.file_id":"81490107","krs_podmioty.deleted_on_request":"0","krs_podmioty.adres_ulica":"Sokolska","krs_podmioty.liczba_jedynych_akcjonariuszy":"0","krs_podmioty.data_rejestracji_stowarzyszenia":null,"krs_podmioty.liczba_nadzorcow":"0","krs_podmioty.sposob_reprezentacji":"DO SK\u0141ADANIA O\u015aWIADCZE\u0143 WOLI W IMIENIU BANKU UPOWA\u017bNIENI S\u0104 DWAJ CZ\u0141ONKOWIE ZARZ\u0104DU DZIA\u0141AJ\u0104CY \u0141\u0104CZNIE ALBO JEDEN CZ\u0141ONEK ZARZ\u0104DU DZIA\u0141AJ\u0104CY \u0141\u0104CZNIE Z PROKURENTEM ALBO - DWAJ PROKURENCI DZIA\u0141AJ\u0104CY \u0141\u0104CZNIE. DO DOKONYWANIA OKRE\u015aLONYCH CZYNNO\u015aCI LUB DOKONYWANIA OKRE\u015aLONEGO RODZAJU CZYNNO\u015aCI MOG\u0104 BY\u0106 USTANAWIANI PE\u0141NOMOCNICY DZIA\u0141AJ\u0104CY SAMODZIELNIE ALBO \u0141\u0104CZNIE Z OSOB\u0104 WYMIENION\u0104 W UST.1 LUB Z INNYM PE\u0141NOMOCNIKIEM","krs_podmioty.wykreslony":"0","krs_podmioty.gmina_id":"753","krs_podmioty.wojewodztwo_id":"12","krs_podmioty.liczba_zmian":"140","krs_podmioty.sygnatura_akt":"KA.VIII NS-REJ.KRS\/1690\/19\/594","krs_podmioty.liczba_wspolnikow":"0","krs_podmioty.cel_dzialania":null,"krs_podmioty.nazwa_skrocona":"ING BANK \u015aL\u0104SKI","krs_podmioty.data_ostatni_wpis":"2014-10-09","krs_podmioty.liczba_reprezentantow":"0","krs_podmioty.email":"","krs_podmioty.adres_poczta":"Katowice","krs_podmioty.kod_pocztowy_id":"6067","krs_podmioty.data_wpisu_opp":null,"krs_podmioty.wartosc_kapital_docelowy":26000000,"krs_podmioty.adres_numer":"34","krs_podmioty.powiat_id":"100","krs_podmioty.adres_kraj":"Polska","krs_podmioty.wartosc_nominalna_akcji":1,"krs_podmioty.gpw_spolka_id":"270","krs_podmioty.miejscowosc_id":"61984","krs_podmioty.knf_ostrzezenie_id":"0","krs_podmioty.krs":"0000005459","krs_podmioty.data_zawieszenia_dzialanosci":null,"krs_podmioty.data_rejestracji":"2001-04-10","krs_podmioty.ostatni_wpis_id":"5876","krs_podmioty.data_uprawomocnienia_wykreslenia":null,"krs_podmioty.forma_prawna_id":"10","krs_podmioty.liczba_oddzialow":"0","krs_podmioty.data_wznowienia_dzialanosci":null,"krs_podmioty.umowa_spolki_cywilnej":"0","krs_podmioty.oznaczenie_sadu":"S\u0104D REJONOWY KATOWICE-WSCH\u00d3D W KATOWICACH WYDZIA\u0141 VIII GOSPODARCZY KRAJOWEGO REJESTRU S\u0104DOWEGO"},"layers":{"dataset":null,"channels":null,"page":null,"subscribers":null,"dzialalnosci":[{"id":"297225","str":"64, 19, Z, -PRZYJMOWANIE WK\u0141AD\u00d3W PIENI\u0118\u017bNYCH P\u0141ATNYCH NA \u017b\u0104DANIE LUB Z NADEJ\u015aCIEM OZNACZONEGO TERMINU ORAZ PROWADZENIE RACHUNK\u00d3W TYCH WK\u0141AD\u00d3W -PROWADZENIE INNYCH RACHUNK\u00d3W BANKOWYCH -UDZIELANIE I POTWIERDZANIE GWARANCJI BANKOWYCH ORAZ OTWIERANIE AKREDYTYW -UDZIELANIE KREDYT\u00d3W -EMITOWANIE BANKOWYCH PAPIER\u00d3W WARTO\u015aCIOWYCH -PRZEPROWADZANIE BANKOWYCH ROZLICZE\u0143 PIENI\u0118\u017bNYCH -WYDAWANIE INSTRUMENTU PIENI\u0104DZA ELEKTRONICZNEGO -PROWADZENIE KASY MIESZKANIOWEJ -UDZIELANIE PO\u017bYCZEK PIENI\u0118\u017bNYCH -OPERACJE CZEKOWE I WEKSLOWE ORAZ OPERACJE, KT\u00d3RYCH PRZEDMIOTEM S\u0104 WARRANTY -PRZECHOWYWANIE PRZEDMIOT\u00d3W I PAPIER\u00d3W WARTO\u015aCIOWYCH ORAZ UDOST\u0118PNIANIE SKRYTEK SEJFOWYCH -PROWADZENIE SKUPU I SPRZEDA\u017bY WARTO\u015aCI DEWIZOWYCH -UDZIELANIE I POTWIERDZANIE POR\u0118CZE\u0143 -PO\u015aREDNICTWO W DOKONYWANIU PRZEKAZ\u00d3W PIENI\u0118\u017bNYCH ORAZ ROZLICZE\u0143 W OBROCIE DEWIZOWYM","przewazajaca":true},{"id":"169580","str":"63, 11, Z, \u015aWIADCZENIE US\u0141UG PRZETWARZANIA DANYCH","przewazajaca":false},{"id":"102437","str":"68, 10, Z, NABYWANIE I ZBYWANIE NIERUCHOMO\u015aCI","przewazajaca":false},{"id":"169581","str":"69, 20, Z, PROWADZENIE NA ZLECENIE KSI\u0104G RACHUNKOWYCH","przewazajaca":false},{"id":"111837","str":"66, 12, Z, PROWADZENIE DZIA\u0141ALNO\u015aCI MAKLERSKIEJ","przewazajaca":false},{"id":"169584","str":"64, 91, Z, \u015aWIADCZENIE US\u0141UG LEASINGOWYCH ORAZ PO\u015aREDNICTWO W TYM ZAKRESIE","przewazajaca":false},{"id":"118551","str":"66, 22, , PO\u015aREDNICTWO UBEZPIECZENIOWE","przewazajaca":false},{"id":"297226","str":"66, 19, Z, PRZYJMOWANIE I PRZEKAZYWANIE ZLECE\u0143 NABYCIA LUB ZBYCIA INSTRUMENT\u00d3W FINNASOWYCH -DORADZTWO INWESTYCYJNE -WYKONYWANIE FUNKCJI AGENTA FIRMY INWESTYCYJNEJ -WYKONYWANIE DZIA\u0141ALNO\u015aCI POWIERNICZEJ,WYKONYWANIE FUNKCJI DEPOZYTARIUSZA,BANKU REPREZENTANTA OBLIGATORIUSZY -PROWADZENIE REJESTR\u00d3W UCZESTNIK\u00d3W FUNDUSZY -\u015aWIADCZENIE US\u0141UG KONSOLIDACYJNO-DORADCZYCH W SPRAWCH FINANSOWYCH -WYKONYWANIE CZYNNO\u015aCI ZLECONYCH ZWI\u0104ZNYCH Z PRYWATYZACJA PRZEDSI\u0118BIORSTW PA\u0143STWOWYCH _\u015aWIADCZENIE US\u0141UG P\u0141ATNICZYCH -\u015aWIADCZENIE US\u0141UG RAPORTOWANIA DO REPOZYTORI\u00d3W TRANSAKCJI ORA ZUS\u0141UG ZWI\u0104ZANYCH Z BEZPOSREDNIM LUB POSREDNIM ROZLICZANIEM INSTRUMENT\u00d3W FIANNASOWYCH PRZEZ KONTRAHENT\u00d3W CENTRALNYCH (CCP) -PROWADZENIE KSI\u0104G AKCYJNYCH","przewazajaca":false},{"id":"319693","str":"64, 99, Z, -TERMINOWE OPERACJE FINANSOWE -NABYWANIE I ZBYWANIE WIERZYTELNO\u015aCI PIENI\u0118\u017bNYCH -WYKONYWANIE CZYNNO\u015aCI ZLECONYCH ZWI\u0104ZANYCH Z EMISJ\u0104 PAPIER\u00d3W WARTO\u015aCIOWYCH -ZACI\u0104GANIE ZOBOWI\u0104ZA\u0143 ZWI\u0104ZANYCH Z EMISJ\u0104 PAPIER\u00d3W WARTO\u015aCIOWYCH W TYM R\u00d3WNIE\u017b OBLIGACJI ZAMIENNYCH NA AKCJE -DOKONYWANIE OBROTU PAPIERAMI WARTO\u015aCIOWYMI -DOKONYWANIE ZAMIANY WIERZYTELNO\u015aCI NA SK\u0141ADNIKI MAJ\u0104TKU D\u0141U\u017bNIKA -NABYWANIE I ZBYWANIE WIERZYTELNO\u015aCI ZABEZPIECZONYCH HIPOTEK\u0104 -\u015aWIADCZENIE US\u0141UG ZAUFANIA ORAZ WYDAWANIE \u015aRODK\u00d3W IDENTYFIKACJI ELEKTRONICZNEJW ROZUMIENIU PRZEPIS\u00d3W O US\u0141UGACH ZAUFANIA -\u015aWIADCZENIE US\u0141UG UNDERWRITINGOWYCH,FAKTORINGOWYCH, FORFAITINGOWYCH ORAZ PO\u015aREDNICTWO W TYM ZAKRESIE -WYKONYWANIE NA ZLECENIE CZYNNO\u015aCI NALE\u017b\u0104CYCH DO ZAKRESU DZIA\u0141ALNO\u015aCI BANK\u00d3W ZLECAJ\u0104CYCH -OBEJMOWANIE LUB NABYWANIE AKCJI I PRAW Z AKCJI ORAZ UDZIA\u0141\u00d3W A TAK\u017bE NABYWANIE JEDNOSTEK UCZESTNICTWA W FUNDUSZACH INWESTYCYJNYCH -OFEROWANIE INSTRUMENT\u00d3W FINANSOWYCH -NABYWANIE I ZBYWANIE NA W\u0141ASNY RACHUNEK INSTRUMENT\u00d3W FINANSOWYCH - \u015aWIADCZENIE US\u0141UG W WYKONANIU ZAWARTYCH UM\u00d3W O SUBEMISJE INWESTYCYJNE I US\u0141UGOWE LUB ZAWIERANIE I WYKONYWANIE INNYCH UM\u00d3W O PODOBNYM CHARAKTERZE JE\u017bELI ICH PRZEDMIOTEM S\u0104 ISTRUMENTY FINANSOWE -PO\u015aREDNICTWO W UDZIELANIU I ZACI\u0104GANIU PO\u017bYCZEK INSTRUMENT\u00d3W FINANSOWYCH","przewazajaca":false}],"firmy":[{"id":"132567","nazwa":"SOLVER","udzialy_str":"27.200 UDZIA\u0141\u00d3W O \u0141\u0104CZNEJ WARTO\u015aCI 13.600.000,00 Z\u0141OTYCH","udzialy_status":"2","udzialy_liczba":"27200","udzialy_wartosc_jedn":"500.00","udzialy_wartosc":"13600000.00"},{"id":"47713","nazwa":"CENTRUM BANKU \u015aL\u0104SKIEGO","udzialy_str":"230 343 UDZIA\u0141\u00d3W O \u0141\u0104CZNEJ WYSOKO\u015aCI 230.343.000,00 Z\u0141.","udzialy_status":"2","udzialy_liczba":"230343","udzialy_wartosc_jedn":"1000.00","udzialy_wartosc":"230343000.00"},{"id":"689624","nazwa":"TWISTO POLSKA","udzialy_str":"4.000 UDZIA\u0141\u00d3W O \u0141\u0104CZNEJ WARTO\u015aCI 200.000 Z\u0141OTYCH","udzialy_status":"2","udzialy_liczba":"4000","udzialy_wartosc_jedn":"50.00","udzialy_wartosc":"200000.00"},{"id":"493783","nazwa":"POLSKI STANDARD P\u0141ATNO\u015aCI","udzialy_str":"432.180 UDZIA\u0141\u00d3W O \u0141\u0104CZNEJ WARTO\u015aCI 21.609.000,00 Z\u0141OTYCH","udzialy_status":"2","udzialy_liczba":"432180","udzialy_wartosc_jedn":"50.00","udzialy_wartosc":"21609000.00"}],"reprezentacja":[{"nazwa":"Boles\u0142awski Micha\u0142 Jerzy","funkcja":"Wiceprezes Zarz\u0105du","data_urodzenia":"1974-04-30","privacy_level":"0","osoba_id":"7567"},{"nazwa":"Erdman Joanna","funkcja":"Wiceprezes Zarz\u0105du","data_urodzenia":"1971-10-01","privacy_level":"0","osoba_id":"7568"},{"nazwa":"Roesink Patrick","funkcja":"Wiceprezes Zarz\u0105du","data_urodzenia":"1969-03-13","privacy_level":"0","osoba_id":"1366463"},{"nazwa":"Bartkiewicz Brunon Cezary","funkcja":"Prezes Zarz\u0105du","data_urodzenia":"1962-09-16","privacy_level":"0","osoba_id":"1228899"},{"nazwa":"Gi\u017cycki Marcin","funkcja":"Wiceprezes Zarz\u0105du","data_urodzenia":"1976-04-20","privacy_level":"0","osoba_id":"1118076"},{"nazwa":"Graczyk Bo\u017cena","funkcja":"Wiceprezes Zarz\u0105du","data_urodzenia":"1970-03-24","privacy_level":"0","osoba_id":"1505886"},{"nazwa":"Tassan Bassut Lorenzo","funkcja":"Wiceprezes Zarz\u0105du","data_urodzenia":null,"privacy_level":null,"osoba_id":null}],"graph":{"root":"podmiot5459","nodes":[{"label":"osoba","id":"osoba7565","mp_id":"7565","data":{"privacy_level":"0","nazwisko":"Ko\u0142akowska","imiona":"Ma\u0142gorzata","data_urodzenia":"1965-08-09","plec":"K"}},{"label":"podmiot","id":"podmiot5459","mp_id":"5459","data":{"nazwa":"ING BANK \u015aL\u0104SKI","forma":"SP\u00d3\u0141KA AKCYJNA","krs":"0000005459","miejscowosc":"Katowice","data_rejestracji":"2001-04-10"}},{"label":"osoba","id":"osoba7567","mp_id":"7567","data":{"privacy_level":"0","nazwisko":"Boles\u0142awski","imiona":"Micha\u0142 Jerzy","data_urodzenia":"1974-04-30","plec":"M"}},{"label":"podmiot","id":"podmiot5577","mp_id":"5577","data":{"nazwa":"ING COMMERCIAL FINANCE POLSKA","forma":"SP\u00d3\u0141KA AKCYJNA","krs":"0000005577","miejscowosc":"Warszawa","data_rejestracji":"2001-04-04"}},{"label":"podmiot","id":"podmiot43817","mp_id":"43817","data":{"nazwa":"ING LEASE (POLSKA)","forma":"SP\u00d3\u0141KA Z OGRANICZON\u0104 ODPOWIEDZIALNO\u015aCI\u0104","krs":"0000043817","miejscowosc":"Warszawa","data_rejestracji":"2001-09-13"}},{"label":"podmiot","id":"podmiot68475","mp_id":"68475","data":{"nazwa":"FUNDACJA SZTUKI POLSKIEJ ING","forma":"FUNDACJA","krs":"0000068475","miejscowosc":"Warszawa","data_rejestracji":"2001-12-05"}},{"label":"podmiot","id":"podmiot402094","mp_id":"402094","data":{"nazwa":"ING INVESTMENT HOLDING (POLSKA)","forma":"SP\u00d3\u0141KA AKCYJNA","krs":"0000402094","miejscowosc":"Katowice","data_rejestracji":"2011-11-15"}},{"label":"podmiot","id":"podmiot408358","mp_id":"408358","data":{"nazwa":"ING US\u0141UGI DLA BIZNESU","forma":"SP\u00d3\u0141KA AKCYJNA","krs":"0000408358","miejscowosc":"Katowice","data_rejestracji":"2012-01-16"}},{"label":"podmiot","id":"podmiot689624","mp_id":"689624","data":{"nazwa":"TWISTO POLSKA","forma":"SP\u00d3\u0141KA Z OGRANICZON\u0104 ODPOWIEDZIALNO\u015aCI\u0104","krs":"0000689624","miejscowosc":"Warszawa","data_rejestracji":"2017-08-04"}},{"label":"osoba","id":"osoba7568","mp_id":"7568","data":{"privacy_level":"0","nazwisko":"Erdman","imiona":"Joanna","data_urodzenia":"1971-10-01","plec":"K"}},{"label":"podmiot","id":"podmiot103267","mp_id":"103267","data":{"nazwa":"FUNDACJA ING DZIECIOM","forma":"FUNDACJA","krs":"0000103267","miejscowosc":"Wis\u0142a","data_rejestracji":"2002-03-27"}},{"label":"podmiot","id":"podmiot373061","mp_id":"373061","data":{"nazwa":"NIDERLANDZKO-POLSKA","forma":"IZBA GOSPODARCZA","krs":"0000373061","miejscowosc":"Warszawa","data_rejestracji":"2010-12-14"}},{"label":"podmiot","id":"podmiot511684","mp_id":"511684","data":{"nazwa":"NOWE US\u0141UGI","forma":"SP\u00d3\u0141KA AKCYJNA","krs":"0000511684","miejscowosc":"Katowice","data_rejestracji":"2014-05-30"}},{"label":"podmiot","id":"podmiot723965","mp_id":"723965","data":{"nazwa":"ING BANK HIPOTECZNY","forma":"SP\u00d3\u0141KA AKCYJNA","krs":"0000723965","miejscowosc":"Katowice","data_rejestracji":"2018-03-20"}},{"label":"osoba","id":"osoba56928","mp_id":"56928","data":{"privacy_level":"0","nazwisko":"","imiona":"Przemys\u0142aw","data_urodzenia":"1967-02-02","plec":"M"}},{"label":"osoba","id":"osoba141989","mp_id":"141989","data":{"privacy_level":"0","nazwisko":"Kutela","imiona":"Aleksander","data_urodzenia":"1972-02-17","plec":"M"}},{"label":"podmiot","id":"podmiot7763","mp_id":"7763","data":{"nazwa":"ONET","forma":"SP\u00d3\u0141KA AKCYJNA","krs":"0000007763","miejscowosc":"Krak\u00f3w","data_rejestracji":"2001-04-13"}},{"label":"podmiot","id":"podmiot71014","mp_id":"71014","data":{"nazwa":"STOWARZYSZENIE SYGNA\u0141","forma":"STOWARZYSZENIE","krs":"0000071014","miejscowosc":"Warszawa","data_rejestracji":"2002-01-18"}},{"label":"podmiot","id":"podmiot108017","mp_id":"108017","data":{"nazwa":"\"RINGIER AXEL SPRINGER POLSKA\"","forma":"SP\u00d3\u0141KA Z OGRANICZON\u0104 ODPOWIEDZIALNO\u015aCI\u0104","krs":"0000108017","miejscowosc":"Warszawa","data_rejestracji":"2002-04-18"}},{"label":"podmiot","id":"podmiot420780","mp_id":"420780","data":{"nazwa":"RINGIER AXEL SPRINGER POLSKA","forma":"SP\u00d3\u0141KA Z OGRANICZON\u0104 ODPOWIEDZIALNO\u015aCI\u0104","krs":"0000420780","miejscowosc":"Warszawa","data_rejestracji":"2012-05-14"}},{"label":"podmiot","id":"podmiot475673","mp_id":"475673","data":{"nazwa":"MEDIA IMPACT POLSKA","forma":"SP\u00d3\u0141KA Z OGRANICZON\u0104 ODPOWIEDZIALNO\u015aCI\u0104","krs":"0000475673","miejscowosc":"Warszawa","data_rejestracji":"2013-09-06"}},{"label":"podmiot","id":"podmiot481203","mp_id":"481203","data":{"nazwa":"GOBRANDS","forma":"SP\u00d3\u0141KA Z OGRANICZON\u0104 ODPOWIEDZIALNO\u015aCI\u0104","krs":"0000481203","miejscowosc":"Krak\u00f3w","data_rejestracji":"2013-10-18"}},{"label":"podmiot","id":"podmiot678161","mp_id":"678161","data":{"nazwa":"FUNDACJA DIGITALPOLAND","forma":"FUNDACJA","krs":"0000678161","miejscowosc":"Krak\u00f3w","data_rejestracji":"2017-05-17"}},{"label":"osoba","id":"osoba553108","mp_id":"553108","data":{"privacy_level":"0","nazwisko":"Galos","imiona":"Aleksander Tadeusz","data_urodzenia":"1960-06-14","plec":"M"}},{"label":"podmiot","id":"podmiot16854","mp_id":"16854","data":{"nazwa":"STALEXPORT AUTOSTRADY","forma":"SP\u00d3\u0141KA AKCYJNA","krs":"0000016854","miejscowosc":"Mys\u0142owice","data_rejestracji":"2001-07-03"}},{"label":"podmiot","id":"podmiot118794","mp_id":"118794","data":{"nazwa":"AKADEMIA ROZWOJU FILANTROPII W POLSCE","forma":"STOWARZYSZENIE","krs":"0000118794","miejscowosc":"Warszawa","data_rejestracji":"2002-06-21"}},{"label":"podmiot","id":"podmiot312849","mp_id":"312849","data":{"nazwa":"STOWARZYSZENIE NZS 1980","forma":"STOWARZYSZENIE","krs":"0000312849","miejscowosc":"Krak\u00f3w","data_rejestracji":"2008-09-02"}},{"label":"podmiot","id":"podmiot329778","mp_id":"329778","data":{"nazwa":"FUNDACJA DOBRA SIE\u0106","forma":"FUNDACJA","krs":"0000329778","miejscowosc":"Warszawa","data_rejestracji":"2009-05-19"}},{"label":"podmiot","id":"podmiot342812","mp_id":"342812","data":{"nazwa":"FUNDACJA BADA\u0143 EUROPEJSKICH \"SARMACJA\"","forma":"FUNDACJA","krs":"0000342812","miejscowosc":"Krak\u00f3w","data_rejestracji":"2009-11-26"}},{"label":"osoba","id":"osoba935197","mp_id":"935197","data":{"privacy_level":"0","nazwisko":"Ko\u015bci\u0144ski","imiona":"Marcin","data_urodzenia":"1978-09-08","plec":"M"}},{"label":"osoba","id":"osoba1118076","mp_id":"1118076","data":{"privacy_level":"0","nazwisko":"Gi\u017cycki","imiona":"Marcin","data_urodzenia":"1976-04-20","plec":"M"}},{"label":"podmiot","id":"podmiot74974","mp_id":"74974","data":{"nazwa":"ING SECURITIES","forma":"SP\u00d3\u0141KA AKCYJNA","krs":"0000074974","miejscowosc":"Katowice","data_rejestracji":"2001-12-19"}},{"label":"podmiot","id":"podmiot110015","mp_id":"110015","data":{"nazwa":"BIURO INFORMACJI KREDYTOWEJ","forma":"SP\u00d3\u0141KA AKCYJNA","krs":"0000110015","miejscowosc":"Warszawa","data_rejestracji":"2002-05-15"}},{"label":"osoba","id":"osoba1118077","mp_id":"1118077","data":{"privacy_level":"0","nazwisko":"Barylski","imiona":"W\u0142odzimierz","data_urodzenia":"1959-04-19","plec":"M"}},{"label":"osoba","id":"osoba1228898","mp_id":"1228898","data":{"privacy_level":"0","nazwisko":"Reczek","imiona":"Antoni","data_urodzenia":"1953-01-13","plec":"M"}},{"label":"osoba","id":"osoba1228899","mp_id":"1228899","data":{"privacy_level":"0","nazwisko":"Bartkiewicz","imiona":"Brunon Cezary","data_urodzenia":"1962-09-16","plec":"M"}},{"label":"podmiot","id":"podmiot104695","mp_id":"104695","data":{"nazwa":"ZWI\u0104ZEK BANK\u00d3W POLSKICH","forma":"IZBA GOSPODARCZA","krs":"0000104695","miejscowosc":"Warszawa","data_rejestracji":"2002-04-09"}},{"label":"osoba","id":"osoba1253875","mp_id":"1253875","data":{"privacy_level":"0","nazwisko":"Krysze\u0144","imiona":"Marcin","data_urodzenia":"1976-01-07","plec":"M"}},{"label":"osoba","id":"osoba1366463","mp_id":"1366463","data":{"privacy_level":"0","nazwisko":"Roesink","imiona":"Patrick","data_urodzenia":"1969-03-13","plec":"M"}},{"label":"osoba","id":"osoba1371016","mp_id":"1371016","data":{"privacy_level":"0","nazwisko":"Marchwicki","imiona":"Wojciech","data_urodzenia":"1968-10-13","plec":"M"}},{"label":"osoba","id":"osoba1400017","mp_id":"1400017","data":{"privacy_level":"0","nazwisko":"Kinastowski","imiona":"Piotr Jan","data_urodzenia":"1970-02-20","plec":"M"}},{"label":"osoba","id":"osoba1505886","mp_id":"1505886","data":{"privacy_level":"0","nazwisko":"Graczyk","imiona":"Bo\u017cena","data_urodzenia":"1970-03-24","plec":"K"}},{"label":"podmiot","id":"podmiot132567","mp_id":"132567","data":{"nazwa":"SOLVER","forma":"SP\u00d3\u0141KA Z OGRANICZON\u0104 ODPOWIEDZIALNO\u015aCI\u0104","krs":"0000132567","miejscowosc":"Katowice","data_rejestracji":"2002-09-25"}},{"label":"podmiot","id":"podmiot180286","mp_id":"180286","data":{"nazwa":"STOWARZYSZENIE WSPIERANIA EDUKACJI I RODZINY \"STERNIK\"","forma":"STOWARZYSZENIE","krs":"0000180286","miejscowosc":"Warszawa","data_rejestracji":"2003-11-24"}},{"label":"osoba","id":"osoba1510761","mp_id":"1510761","data":{"privacy_level":"0","nazwisko":"Stawecka","imiona":"Katarzyna Joanna","data_urodzenia":"1970-11-02","plec":"K"}},{"label":"podmiot","id":"podmiot54582","mp_id":"54582","data":{"nazwa":"FUNDACJA NA RZECZ KREDYTU HIPOTECZNEGO","forma":"FUNDACJA","krs":"0000054582","miejscowosc":"Warszawa","data_rejestracji":"2001-10-19"}},{"label":"osoba","id":"osoba1710192","mp_id":"1710192","data":{"privacy_level":"0","nazwisko":"Szczurek","imiona":"Micha\u0142 Jan","data_urodzenia":"1971-04-06","plec":"M"}},{"label":"osoba","id":"osoba2354429","mp_id":"2354429","data":{"privacy_level":"0","nazwisko":"Serocki","imiona":"Pawe\u0142","data_urodzenia":"1972-04-04","plec":"M"}},{"label":"osoba","id":"osoba2354430","mp_id":"2354430","data":{"privacy_level":"0","nazwisko":"Szewieczek","imiona":"Daniel","data_urodzenia":"1975-08-11","plec":"M"}},{"label":"osoba","id":"osoba2358883","mp_id":"2358883","data":{"privacy_level":"0","nazwisko":"Alvarado Rodriguez","imiona":"Jolanta","data_urodzenia":"1978-05-04","plec":"K"}},{"label":"osoba","id":"osoba2358884","mp_id":"2358884","data":{"privacy_level":"0","nazwisko":"Gosk","imiona":"Aleksander","data_urodzenia":"1976-02-17","plec":"M"}},{"label":"osoba","id":"osoba2358885","mp_id":"2358885","data":{"privacy_level":"0","nazwisko":"Tusznio","imiona":"Micha\u0142","data_urodzenia":"1981-07-01","plec":"M"}},{"label":"osoba","id":"osoba2358886","mp_id":"2358886","data":{"privacy_level":"0","nazwisko":"Tyszkowski","imiona":"Roman","data_urodzenia":"1968-07-01","plec":"M"}}],"relationships":[{"type":"NADZORCA","start":"osoba7565","end":"podmiot5459"},{"type":"WICEPREZES ZARZ\u0104DU","start":"osoba7567","end":"podmiot5459"},{"type":"NADZORCA","start":"osoba7567","end":"podmiot5577"},{"type":"NADZORCA","start":"osoba7567","end":"podmiot43817"},{"type":"NADZORCA","start":"osoba7567","end":"podmiot68475"},{"type":"NADZORCA","start":"osoba7567","end":"podmiot402094"},{"type":"NADZORCA","start":"osoba7567","end":"podmiot408358"},{"type":"NADZORCA","start":"osoba7567","end":"podmiot689624"},{"type":"WICEPREZES ZARZ\u0104DU","start":"osoba7568","end":"podmiot5459"},{"type":"NADZORCA","start":"osoba7568","end":"podmiot103267"},{"type":"CZ\u0141ONEK ZARZ\u0104DU","start":"osoba7568","end":"podmiot373061"},{"type":"NADZORCA","start":"osoba7568","end":"podmiot402094"},{"type":"NADZORCA","start":"osoba7568","end":"podmiot511684"},{"type":"NADZORCA","start":"osoba7568","end":"podmiot723965"},{"type":"PROKURENT","start":"osoba56928","end":"podmiot5459"},{"type":"NADZORCA","start":"osoba141989","end":"podmiot5459"},{"type":"PREZES ZARZ\u0104DU","start":"osoba141989","end":"podmiot7763"},{"type":"ZA\u0141O\u017bYCIEL","start":"osoba141989","end":"podmiot71014"},{"type":"CZ\u0141ONEK ZARZ\u0104DU","start":"osoba141989","end":"podmiot108017"},{"type":"WICEPREZES ZARZ\u0104DU","start":"osoba141989","end":"podmiot420780"},{"type":"NADZORCA","start":"osoba141989","end":"podmiot475673"},{"type":"PREZES ZARZ\u0104DU","start":"osoba141989","end":"podmiot481203"},{"type":"PREZES ZARZ\u0104DU","start":"osoba141989","end":"podmiot678161"},{"type":"NADZORCA","start":"osoba553108","end":"podmiot5459"},{"type":"NADZORCA","start":"osoba553108","end":"podmiot16854"},{"type":"NADZORCA","start":"osoba553108","end":"podmiot118794"},{"type":"CZ\u0141ONEK ZARZ\u0104DU","start":"osoba553108","end":"podmiot312849"},{"type":"NADZORCA","start":"osoba553108","end":"podmiot329778"},{"type":"NADZORCA","start":"osoba553108","end":"podmiot342812"},{"type":"PROKURENT","start":"osoba935197","end":"podmiot5459"},{"type":"NADZORCA","start":"osoba935197","end":"podmiot408358"},{"type":"WICEPREZES ZARZ\u0104DU","start":"osoba1118076","end":"podmiot5459"},{"type":"PREZES ZARZ\u0104DU","start":"osoba1118076","end":"podmiot74974"},{"type":"NADZORCA","start":"osoba1118076","end":"podmiot110015"},{"type":"NADZORCA","start":"osoba1118076","end":"podmiot402094"},{"type":"NADZORCA","start":"osoba1118076","end":"podmiot511684"},{"type":"NADZORCA","start":"osoba1118076","end":"podmiot723965"},{"type":"PROKURENT","start":"osoba1118077","end":"podmiot5459"},{"type":"NADZORCA","start":"osoba1118077","end":"podmiot402094"},{"type":"NADZORCA","start":"osoba1118077","end":"podmiot408358"},{"type":"NADZORCA","start":"osoba1228898","end":"podmiot5459"},{"type":"PREZES ZARZ\u0104DU","start":"osoba1228899","end":"podmiot5459"},{"type":"NADZORCA","start":"osoba1228899","end":"podmiot104695"},{"type":"NADZORCA","start":"osoba1228899","end":"podmiot723965"},{"type":"PROKURENT","start":"osoba1253875","end":"podmiot5459"},{"type":"PREZES ZARZ\u0104DU","start":"osoba1253875","end":"podmiot402094"},{"type":"NADZORCA","start":"osoba1253875","end":"podmiot408358"},{"type":"WICEPREZES ZARZ\u0104DU","start":"osoba1366463","end":"podmiot5459"},{"type":"NADZORCA","start":"osoba1366463","end":"podmiot5577"},{"type":"NADZORCA","start":"osoba1366463","end":"podmiot723965"},{"type":"PROKURENT","start":"osoba1371016","end":"podmiot5459"},{"type":"PROKURENT","start":"osoba1400017","end":"podmiot5459"},{"type":"WICEPREZES ZARZ\u0104DU","start":"osoba1505886","end":"podmiot5459"},{"type":"NADZORCA","start":"osoba1505886","end":"podmiot5577"},{"type":"NADZORCA","start":"osoba1505886","end":"podmiot43817"},{"type":"NADZORCA","start":"osoba1505886","end":"podmiot132567"},{"type":"NADZORCA","start":"osoba1505886","end":"podmiot180286"},{"type":"NADZORCA","start":"osoba1505886","end":"podmiot402094"},{"type":"NADZORCA","start":"osoba1505886","end":"podmiot723965"},{"type":"PROKURENT","start":"osoba1510761","end":"podmiot5459"},{"type":"NADZORCA","start":"osoba1510761","end":"podmiot54582"},{"type":"NADZORCA","start":"osoba1710192","end":"podmiot5459"},{"type":"PROKURENT","start":"osoba2354429","end":"podmiot5459"},{"type":"CZ\u0141ONEK ZARZ\u0104DU","start":"osoba2354429","end":"podmiot402094"},{"type":"PROKURENT","start":"osoba2354430","end":"podmiot5459"},{"type":"CZ\u0141ONEK ZARZ\u0104DU","start":"osoba2354430","end":"podmiot402094"},{"type":"PROKURENT","start":"osoba2358883","end":"podmiot5459"},{"type":"NADZORCA","start":"osoba2358883","end":"podmiot132567"},{"type":"PROKURENT","start":"osoba2358884","end":"podmiot5459"},{"type":"PROKURENT","start":"osoba2358885","end":"podmiot5459"},{"type":"PROKURENT","start":"osoba2358886","end":"podmiot5459"}]},"oddzialy":[{"nazwa":"ING BANK \u015aL\u0104SKI SP\u00d3\u0141KA AKCYJNA ODDZIA\u0141 W BIELSKU-BIA\u0141EJ UL.GAZOWNICZA 5","adres":"ul. GAZOWNICZA, nr 5, lok. ---, miejsc. BIELSKO-BIA\u0141A, kod 43-300, poczta BIELSK-BIA\u0141A, kraj POLSKA"},{"nazwa":"ING BANK \u015aL\u0104SKI SP\u00d3\u0141KA AKCYJNA ODDZIA\u0141 W BYTOMIU UL. WROC\u0141AWSKA 32","adres":"ul. WROC\u0141AWSKA, nr 32, lok. ---, miejsc. BYTOM, kod 41-902, poczta BYTOM, kraj POLSKA"},{"nazwa":"ING BANK \u015aL\u0104SKI SP\u00d3\u0141KA AKCYJNA ODDZIA\u0141 W CZ\u0118STOCHOWIE UL.AL.NMP 36\/38","adres":"ul. AL.NMP, nr 36, lok. 38, miejsc. CZ\u0118STOCHOWA, kod 42-200, poczta CZ\u0118STOCHOWA, kraj POLSKA"},{"nazwa":"ING BANK \u015aL\u0104SKI SP\u00d3\u0141KA AKCYJNA ODDZIA\u0141 W KATOWICACH UL.SOKOLSKA 34","adres":"ul. SOKOLSKA, nr 34, lok. ---, miejsc. KATOWICE, kod 40-086, poczta KATOWICE, kraj POLSKA"},{"nazwa":"ING BANK \u015aL\u0104SKI SP\u00d3\u0141KA AKCYJNA ODDZIA\u0141 W KIELCACH UL.SILNICZNA 26","adres":"ul. SILNICZNA, nr 26, lok. ---, miejsc. KIELCE, kod 25-515, poczta KIELCE, kraj POLSKA"},{"nazwa":"ING BANK \u015aL\u0104SKI SP\u00d3\u0141KA AKCYJNA ODDZIA\u0141 W OPOLU UL.ZWIERZYNIECKA 2","adres":"ul. ZWIERZYNIECKA, nr 2, lok. ---, miejsc. OPOLE, kod 45-019, poczta OPOLE, kraj POLSKA"},{"nazwa":"ING BANK \u015aL\u0104SKI SP\u00d3\u0141KA AKCYJNA ODDZIA\u0141 W POZNANIU UL. P\u00d3\u0141WIEJSKA 2D","adres":"ul. P\u00d3\u0141KWIEJSKA, nr 2D, lok. ---, miejsc. POZNA\u0143, kod 61-887, poczta POZNA\u0143, kraj POLSKA"},{"nazwa":"ING BANK \u015aL\u0104SKI SP\u00d3\u0141KA AKCYJNA ODDZIA\u0141 W SOSNOWCU UL.MA\u0141ACHOWSKIEGO 7","adres":"ul. MA\u0141ACHOWSKIEGO, nr 7, lok. ---, miejsc. SOSNOWIEC, kod 41-200, poczta SOSNOWIEC, kraj POLSKA"},{"nazwa":"ING BANK \u015aL\u0104SKI SP\u00d3\u0141KA AKCYJNA ODDZIA\u0141 W SZCZECINIE UL. KSI\u0118DZA KARDYNA\u0141A STEFANA WYSZY\u0143SKIEGO 1","adres":"ul. KSI\u0118DZA KARDYNA\u0141A STEFANA WYSZY\u0143SKIEGO, nr 1, lok. -, miejsc. SZCZECIN, kod 70-200, poczta SZCZECIN, kraj POLSKA"},{"nazwa":"ING BANK \u015aL\u0104SKI SP\u00d3\u0141KA AKCYJNA ODDZIA\u0141 W WODZIS\u0141AWIU \u015aL\u0104SKIM UL. P\u0141K KS.W. KUBSZA 27","adres":"ul. P\u0141K.KS.W.KUBSZA, nr 27, lok. ---, miejsc. WODZIS\u0141AW \u015aL\u0104SKI, kod 44-300, poczta WODZIS\u0141AW \u015aL\u0104SKI, kraj POLSKA"},{"nazwa":"ING BANK \u015aL\u0104SKI SP\u00d3\u0141KA AKCYJNA ODDZIA\u0141 WE WROC\u0141AWIU UL.SZEWSKA 72","adres":"ul. SZEWSKA, nr 72, lok. ---, miejsc. WROC\u0141AW, kod 50-121, poczta WROC\u0141AW SKR.POCZTOWA 2045, kraj POLSKA"},{"nazwa":"ING BANK \u015aL\u0104SKI SP\u00d3\u0141KA AKCYJNA ODDZIA\u0141 W BE\u0141CHATOWIE UL. PI\u0141SUDSKIEGO 15","adres":"ul. PI\u0141SUDSKIEGO, nr 15, lok. ---, miejsc. BE\u0141CHAT\u00d3W, kod 97-400, poczta BE\u0141CHAT\u00d3W, kraj POLSKA"},{"nazwa":"ING BANK \u015aL\u0104SKI SP\u00d3\u0141KA AKCYJNA ODDZIA\u0141 W B\u0118DZINIE UL. 11 LISTOPADA 9","adres":"ul. 11 LISTOPADA, nr 9, lok. ---, miejsc. B\u0118DZIN, kod 42-500, poczta B\u0118DZIN, kraj POLSKA"},{"nazwa":"ING BANK \u015aL\u0104SKI SP\u00d3\u0141KA AKCYJNA ODDZIA\u0141 W BIA\u0141YMSTOKU UL.BRANICKIEGO 17 B","adres":"ul. BRANICKIEGO, nr 17B, lok. ---, miejsc. BIA\u0141YSTOK, kod 15-950, poczta BIA\u0141YSTOK, kraj POLSKA"},{"nazwa":"ING BANK \u015aL\u0104SKI SP\u00d3\u0141KA AKCYJNA ODDZIA\u0141 W BYDGOSZCZY UL. MOSTOWA 2","adres":"ul. MOSTOWA, nr 2, lok. ---, miejsc. BYDGOSZCZ, kod 85-110, poczta BYDGOSZCZ, kraj POLSKA"},{"nazwa":"ING BANK \u015aL\u0104SKI SP\u00d3\u0141KA AKCYJNA ODDZIA\u0141 W CHORZOWIE UL.WOLNO\u015aCI 12","adres":"ul. WOLNO\u015aCI, nr 12, lok. -, miejsc. CHORZ\u00d3W, kod 41-500, poczta CHORZ\u00d3W, kraj POLSKA"},{"nazwa":"ING BANK \u015aL\u0104SKI SP\u00d3\u0141KA AKCYJNA ODDZIA\u0141 W CIESZYNIE UL. MENNICZA 1","adres":"ul. MENNICZA, nr 1, lok. ---, miejsc. CIESZYN, kod 43-400, poczta CIESZYN, kraj POLSKA"},{"nazwa":"ING BANK \u015aL\u0104SKI SP\u00d3\u0141KA AKCYJNA ODDZIA\u0141 W CZECHOWICACH-DZIEDZICACH UL.NIEPODLEG\u0141O\u015aCI 10 A","adres":"ul. NIEPODLEG\u0141O\u015aCI, nr 10A, lok. ---, miejsc. CZECHOWICE-DZIEDZICE, kod 43-502, poczta CZECHOWICE-DZIEDZICE, kraj POLSKA"},{"nazwa":"ING BANK \u015aL\u0104SKI SP\u00d3\u0141KA AKCYJNA ODDZIA\u0141 W D\u0104BROWIE G\u00d3RNICZEJ UL.3 MAJA 1","adres":"ul. 3 MAJA, nr 1, lok. ---, miejsc. D\u0104BROWA G\u00d3RNICZA, kod 41-300, poczta D\u0104BROWA G\u00d3RNICZA, kraj POLSKA"},{"nazwa":"ING BANK \u015aL\u0104SKI SP\u00d3\u0141KA AKCYJNA ODDZIA\u0141 W JASTRZ\u0118BIU ZDROJU UL.MAZOWIECKA 12","adres":"ul. MAZOWIECKA, nr 12, lok. ---, miejsc. JASTRZ\u0118BIE ZDR\u00d3J, kod 44-335, poczta JASTRZ\u0118BIE ZDR\u00d3J, kraj POLSKA"},{"nazwa":"ING BANK \u015aL\u0104SKI SP\u00d3\u0141KA AKCYJNA ODDZIA\u0141 W JAWORZNIE UL.GRUNWALDZKA 59","adres":"ul. GRUNWALDZKA, nr 59, lok. ---, miejsc. JAWORZNO, kod 43-600, poczta JAWORZNO, kraj POLSKA"},{"nazwa":"ING BANK \u015aL\u0104SKI SP\u00d3\u0141KA AKCYJNA ODDZIA\u0141 W JELENIEJ G\u00d3RZE UL.WYSZY\u0143SKIEGO 54","adres":"ul. WYSZY\u0143SKIEGO, nr 54, lok. ---, miejsc. JELENIA G\u00d3RA, kod 58-500, poczta JELENIA G\u00d3RA, kraj POLSKA"},{"nazwa":"ING BANK \u015aL\u0104SKI SP\u00d3\u0141KA AKCYJNA ODDZIA\u0141 W KRAPKOWICACH UL. 1 MAJA 2","adres":"ul. 1 MAJA, nr 2, lok. ---, miejsc. KRAPKOWICE, kod 47-300, poczta KRAPKOWICE, kraj POLSKA"},{"nazwa":"ING BANK \u015aL\u0104SKI SP\u00d3\u0141KA AKCYJNA ODDZIA\u0141 W KRO\u015aNIE UL.PAW\u0141A Z KROSNA 2","adres":"ul. PAW\u0141A Z KROSNA, nr 2, lok. ---, miejsc. KROSNO, kod 38-400, poczta KROSNO, kraj POLSKA"},{"nazwa":"ING BANK \u015aL\u0104SKI SP\u00d3\u0141KA AKCYJNA ODDZIA\u0141 W LEGNICY UL. WROC\u0141AWSKA 27","adres":"ul. WROC\u0141AWSKA, nr 27, lok. ---, miejsc. LEGNICA, kod 59-220, poczta LEGNICA, kraj POLSKA"},{"nazwa":"ING BANK \u015aL\u0104SKI SP\u00d3\u0141KA AKCYJNA ODDZIA\u0141 W LUBLINIE UL.TOMASZA ZANA 39","adres":"ul. TOMASZA ZANA, nr 39, lok. ---, miejsc. LUBLIN, kod 20-601, poczta LUBLIN, kraj POLSKA"},{"nazwa":"ING BANK \u015aL\u0104SKI SP\u00d3\u0141KA AKCYJNA ODDZIA\u0141 W LUBLI\u0143CU PLAC SIENKIEWICZA 8","adres":"ul. PLAC SIENKIEWICZA, nr 8, lok. ---, miejsc. LUBLINIEC, kod 42-700, poczta LUBLINIEC, kraj POLSKA"},{"nazwa":"ING BANK \u015aL\u0104SKI SP\u00d3\u0141KA AKCYJNA ODDZIA\u0141 W MIKO\u0141OWIE UL. KAROLA MIARKI 20","adres":"ul. KAROLA MIARKI, nr 20, lok. ---, miejsc. MIKO\u0141\u00d3W, kod 43-190, poczta MIKO\u0141\u00d3W, kraj POLSKA"},{"nazwa":"ING BANK \u015aL\u0104SKI SP\u00d3\u0141KA AKCYJNA ODDZIA\u0141 W NOWYM S\u0104CZU UL. KO\u015aCIUSZKI 13","adres":"ul. KO\u015aCIUSZKI, nr 13, lok. ---, miejsc. NOWY S\u0104CZ, kod 33-300, poczta NOWY S\u0104CZ, kraj POLSKA"},{"nazwa":"ING BANK \u015aL\u0104SKI SP\u00d3\u0141KA AKCYJNA ODDZIA\u0141 W NYSIE UL.CELNA 28","adres":"ul. CELNA, nr 28, lok. -, miejsc. NYSA, kod 48-300, poczta NYSA, kraj POLSKA"},{"nazwa":"ING BANK \u015aL\u0104SKI SP\u00d3\u0141KA AKCYJNA ODDZIA\u0141 W OLE\u015aNIE UL. REYMONTA 3","adres":"ul. REYMONTA, nr 3, lok. ---, miejsc. OLESNO, kod 46-300, poczta OLESNO, kraj POLSKA"},{"nazwa":"ING BANK \u015aL\u0104SKI SP\u00d3\u0141KA AKCYJNA ODDZIA\u0141 W OLKUSZU UL.KR\u00d3LA KAZIMIERZA WIELKIEGO 62 A","adres":"ul. KR\u00d3LA KAZIMIERZA WIELKIEGO, nr 62a, lok. ---, miejsc. OLKUSZ, kod 32-300, poczta OLKUSZ, kraj POLSKA"},{"nazwa":"ING BANK \u015aL\u0104SKI SP\u00d3\u0141KA AKCYJNA ODDZIA\u0141 W OLSZTYNIE UL.TOWAROWA 1","adres":"ul. TOWAROWA, nr 1, lok. ---, miejsc. OLSZTYN, kod 10-416, poczta OLSZTYN, kraj POLSKA"},{"nazwa":"ING BANK \u015aL\u0104SKI SP\u00d3\u0141KA AKCYJNA ODDZIA\u0141 W PRUSZKOWIE UL. O\u0141\u00d3WKOWA 1D","adres":"ul. O\u0141\u00d3WKOWA, nr 1D, lok. ---, miejsc. PRUSZK\u00d3W, kod 05-800, poczta PRUSZK\u00d3W, kraj POLSKA"},{"nazwa":"ING BANK \u015aL\u0104SKI SP\u00d3\u0141KA AKCYJNA ODDZIA\u0141 W PRZEMY\u015aLU PL. NA BRAMIE 8","adres":"ul. PL. NA BRAMIE, nr 8, lok. ---, miejsc. PRZEMY\u015aL, kod 37-700, poczta PRZEMY\u015aL, kraj POLSKA"},{"nazwa":"ING BANK \u015aL\u0104SKI SP\u00d3\u0141KA AKCYJNA ODDZIA\u0141 W PSZCZYNIE UL.DWORCOWA 8","adres":"ul. DWORCOWA, nr 8, lok. ---, miejsc. PSZCZYNA, kod 43-200, poczta PSZCZYNA, kraj POLSKA"},{"nazwa":"ING BANK \u015aL\u0104SKI SP\u00d3\u0141KA AKCYJNA ODDZIA\u0141 W RACIBORZU UL. SIENKIEWICZA 2","adres":"ul. SIENKIEWICZA, nr 2, lok. ---, miejsc. RACIB\u00d3RZ, kod 47-400, poczta RACIB\u00d3RZ, kraj POLSKA"},{"nazwa":"ING BANK \u015aL\u0104SKI SP\u00d3\u0141KA AKCYJNA ODDZIA\u0141 W RUDZIE \u015aL\u0104SKIEJ UL.NIEDURNEGO 54","adres":"ul. NIEDURNEGO, nr 54, lok. ---, miejsc. RUDA \u015aL\u0104SKA, kod 41-709, poczta RUDA \u015aL\u0104SKA, kraj POLSKA"},{"nazwa":"ING BANK \u015aL\u0104SKI SP\u00d3\u0141KA AKCYJNA ODDZIA\u0141 W RYBNIKU UL.3 MAJA 30","adres":"ul. 3 MAJA, nr 30, lok. ---, miejsc. RYBNIK, kod 44-200, poczta RYBNIK, kraj POLSKA"},{"nazwa":"ING BANK \u015aL\u0104SKI SP\u00d3\u0141KA AKCYJNA ODDZIA\u0141 W SIEDLCACH UL. MORSKA 2","adres":"ul. MORSKA, nr 2, lok. ---, miejsc. SIEDLCE, kod 08-110, poczta SIEDLCE, kraj POLSKA"},{"nazwa":"ING BANK \u015aL\u0104SKI SP\u00d3\u0141KA AKCYJNA ODDZIA\u0141 W SIEMIANOWICACH \u015aL\u0104SKICH UL.\u015aL\u0104SKA 1","adres":"ul. \u015aL\u0104SKA, nr 1, lok. ---, miejsc. SIEMIANOWICE \u015aL\u0104SKIE, kod 41-400, poczta SIEMIANOWICE \u015aL\u0104SKIE, kraj POLSKA"},{"nazwa":"ING BANK \u015aL\u0104SKI SP\u00d3\u0141KA AKCYJNA ODDZIA\u0141 W STARACHOWICACH UL.BANKOWA 5","adres":"ul. BANKOWA, nr 5, lok. ---, miejsc. STARACHOWICE, kod 27-200, poczta STARACHOWICE, kraj POLSKA"},{"nazwa":"ING BANK \u015aL\u0104SKI SP\u00d3\u0141KA AKCYJNA ODDZIA\u0141 W \u015aWI\u0118TOCH\u0141OWICACH UL. BYTOMSKA 20","adres":"ul. BYTOMSKA, nr 20, lok. -, miejsc. \u015aWI\u0118TOCH\u0141OWICE, kod 41-600, poczta \u015aWI\u0118TOCH\u0141OWICE, kraj POLSKA"},{"nazwa":"ING BANK \u015aL\u0104SKI SP\u00d3\u0141KA AKCYJNA ODDZIA\u0141 W TARNOWIE UL. S\u0141OWACKIEGO 33-37","adres":"ul. S\u0141OWACKIEGO, nr 33-37, lok. ---, miejsc. TARN\u00d3W, kod 33-100, poczta TARN\u00d3W, kraj POLSKA"},{"nazwa":"ING BANK \u015aL\u0104SKI SP\u00d3\u0141KA AKCYJNA ODDZIA\u0141 W TARNOWSKICH G\u00d3RACH UL.STRZELECKA 5","adres":"ul. STRZELECKA, nr 5, lok. -, miejsc. TARNOWSKIE G\u00d3RY, kod 42-600, poczta TARNOWSKIE G\u00d3RY, kraj POLSKA"},{"nazwa":"ING BANK \u015aL\u0104SKI SP\u00d3\u0141KA AKCYJNA ODDZIA\u0141 W TYCHACH AL. NIEPODLEG\u0141O\u015aCI 106","adres":"ul. NIEPODLEG\u0141O\u015aCI, nr 106, lok. ---, miejsc. TYCHY, kod 43-100, poczta TYCHY, kraj POLSKA"},{"nazwa":"ING BANK \u015aL\u0104SKI SP\u00d3\u0141KA AKCYJNA ODDZIA\u0141 W WADOWICACH UL. LWOWSKA 16","adres":"ul. LWOWSKA, nr 16, lok. ---, miejsc. WADOWICE, kod 34-100, poczta WADOWICE, kraj POLSKA"},{"nazwa":"ING BANK \u015aL\u0104SKI SP\u00d3\u0141KA AKCYJNA ODDZIA\u0141 W ZAWIERCIU UL.LE\u015aNA 6","adres":"ul. LE\u015aNA, nr 6, lok. ---, miejsc. ZAWIERCIE, kod 42-400, poczta ZAWIERCIE, kraj POLSKA"},{"nazwa":"ING BANK \u015aL\u0104SKI SP\u00d3\u0141KA AKCYJNA ODDZIA\u0141 W ZIELONEJ G\u00d3RZE UL.BOHATER\u00d3W WESTERPLATTE 19","adres":"ul. BOHATER\u00d3W WESTERPLATTE, nr 19, lok. ---, miejsc. ZIELONA G\u00d3RA, kod 65-034, poczta ZIELONA G\u00d3RA, kraj POLSKA"},{"nazwa":"ING BANK \u015aL\u0104SKI SP\u00d3\u0141KA AKCYJNA ODDZIA\u0141 W OSTROWIE WIELKOPOLSKIM UL.KOLEJOWA 31","adres":"ul. KOLEJOWA, nr 31, lok. ---, miejsc. OSTR\u00d3W WIELKOPOLSKI, kod 63-400, poczta OSTR\u00d3W WIELKOPOLSKI, kraj POLSKA"},{"nazwa":"ING BANK \u015aL\u0104SKI SP\u00d3\u0141KA AKCYJNA ODDZIA\u0141 W P\u0141OCKU UL.BIELSKA 51","adres":"ul. BIELSKA, nr 51, lok. ---, miejsc. P\u0141OCK, kod 09-400, poczta P\u0141OCK, kraj POLSKA"},{"nazwa":"ING BANK \u015aL\u0104SKI SP\u00d3\u0141KA AKCYJNA ODDZIA\u0141 W CZELADZI UL.BYTOMSKA 2","adres":"ul. BYTOMSKA, nr 2, lok. ---, miejsc. CZELAD\u0179, kod 41-250, poczta CZELAD\u0179, kraj POLSKA"},{"nazwa":"ING BANK \u015aL\u0104SKI SP\u00d3\u0141KA AKCYJNA ODDZIA\u0141 W GLIWICACH UL.RYNEK 10","adres":"ul. RYNEK, nr 10, lok. ---, miejsc. GLIWICE, kod 44-100, poczta GLIWICE, kraj POLSKA"},{"nazwa":"ING BANK \u015aL\u0104SKI SP\u00d3\u0141KA AKCYJNA ODDZIA\u0141 W KALISZU UL.G\u00d3RNO\u015aL\u0104SKA 82","adres":"ul. G\u00d3RNO\u015aL\u0104SKA, nr 82, lok. ---, miejsc. KALISZ, kod 62-800, poczta KALISZ, kraj POLSKA"},{"nazwa":"ING BANK \u015aL\u0104SKI SP\u00d3\u0141KA AKCYJNA ODDZIA\u0141 W K\u0118DZIERZYNIE KO\u0179LU UL.PIASTOWSKA 14","adres":"ul. PIASTOWSKA, nr 14, lok. ---, miejsc. K\u0118DZIERZYN-KO\u0179LE, kod 47-200, poczta K\u0118DZIERZYN- KO\u0179LE, kraj POLSKA"},{"nazwa":"ING BANK \u015aL\u0104SKI SP\u00d3\u0141KA AKCYJNA ODDZIA\u0141 W K\u0118TACH UL. KO\u015aCIUSZKI 15","adres":"ul. KO\u015aCIUSZKI, nr 15, lok. ---, miejsc. K\u0118TY, kod 32-650, poczta K\u0118TY, kraj POLSKA"},{"nazwa":"ING BANK \u015aL\u0104SKI SP\u00d3\u0141KA AKCYJNA ODDZIA\u0141 W KIELCACH UL.STASZICA 3","adres":"ul. STASZICA, nr 3, lok. ---, miejsc. KIELCE, kod 25-008, poczta KIELCE, kraj POLSKA"},{"nazwa":"ING BANK \u015aL\u0104SKI SP\u00d3\u0141KA AKCYJNA ODDZIA\u0141 W KONINIE UL. DWORCOWA 15J","adres":"ul. DWORCOWA, nr 15J, lok. ---, miejsc. KONIN, kod 62-510, poczta KONIN, kraj POLSKA"},{"nazwa":"ING BANK \u015aL\u0104SKI SP\u00d3\u0141KA AKCYJNA ODDZIA\u0141 W O\u015aWI\u0118CIMIU UL.RYNEK G\u0141\u00d3WNY 19","adres":"ul. RYNEK G\u0141\u00d3WNY, nr 19, lok. ---, miejsc. O\u015aWI\u0118CIM, kod 32-600, poczta O\u015aWI\u0118CIM, kraj POLSKA"},{"nazwa":"ING BANK \u015aL\u0104SKI SP\u00d3\u0141KA AKCYJNA ODDZIA\u0141 W PIEKARACH \u015aL\u0104SKICH.UL.BYTOMSKA 77","adres":"ul. BYTOMSKA, nr 77, lok. ---, miejsc. PIEKARY \u015aL., kod 41-940, poczta PIEKARY \u015aL\u0104SKIE, kraj POLSKA"},{"nazwa":"ING BANK \u015aL\u0104SKI SP\u00d3\u0141KA AKCYJNA ODDZIA\u0141 W PI\u0143CZOWIE UL.KLASZTORNA 4","adres":"ul. KLASZTORNA, nr 4, lok. ---, miejsc. PI\u0143CZ\u00d3W, kod 28-400, poczta PI\u0143CZ\u00d3W, kraj POLSKA"},{"nazwa":"ING BANK \u015aL\u0104SKI SP\u00d3\u0141KA AKCYJNA ODDZIA\u0141 W SKOCZOWIE UL.OBJAZDOWA 2","adres":"ul. OBJAZDOWA, nr 2, lok. ---, miejsc. SKOCZ\u00d3W, kod 43-430, poczta SKOCZ\u00d3W, kraj POLSKA"},{"nazwa":"ING BANK \u015aL\u0104SKI SP\u00d3\u0141KA AKCYJNA ODDZIA\u0141 W TARNOWIE PODG\u00d3RNYM UL.POZNA\u0143SKA 84","adres":"ul. POZNA\u0143SKA, nr 84, lok. ---, miejsc. TARNOWO PODG\u00d3RNE, kod 62-080, poczta TARNOWO PODG\u00d3RNE, kraj POLSKA"},{"nazwa":"ING BANK \u015aL\u0104SKI SP\u00d3\u0141KA AKCYJNA ODDZIA\u0141 W USTRONIU UL.DASZY\u0143SKIEGO 6","adres":"ul. DASZY\u0143SKIEGO, nr 6, lok. ---, miejsc. USTRO\u0143, kod 43-450, poczta USTRO\u0143, kraj POLSKA"},{"nazwa":"ING BANK \u015aL\u0104SKI SP\u00d3\u0141KA AKCYJNA ODDZIA\u0141 W WA\u0141BRZYCHU UL. S\u0141OWACKIEGO 7","adres":"ul. S\u0141OWACKIEGO, nr 7, lok. ---, miejsc. WA\u0141BRZYCH, kod 58-300, poczta WA\u0141BRZYCH, kraj POLSKA"},{"nazwa":"ING BANK \u015aL\u0104SKI SP\u00d3\u0141KA AKCYJNA ODDZIA\u0141 W WARSZAWIE UL.GR\u00d3JECKA 81\/87","adres":"ul. GR\u00d3JECKA, nr 81\/87, lok. ---, miejsc. WARSZAWA, kod 02-094, poczta WARSZAWA, kraj POLSKA"},{"nazwa":"ING BANK \u015aL\u0104SKI SP\u00d3\u0141KA AKCYJNA ODDZIA\u0141 W WARSZAWIE UL.ZAMOYSKIEGO 51A","adres":"ul. ZAMOYSKIEGO, nr 51A, lok. ---, miejsc. WARSZAWA, kod 03-801, poczta WARSZAWA, kraj POLSKA"},{"nazwa":"ING BANK \u015aL\u0104SKI SP\u00d3\u0141KA AKCYJNA ODDZIA\u0141 W ZAKOPANEM UL.JAGIELLO\u0143SKA 23","adres":"ul. JAGIELLO\u0143SKA, nr 23, lok. ---, miejsc. ZAKOPANE, kod 34-500, poczta ZAKOPANE, kraj POLSKA"},{"nazwa":"ING BANK \u015aL\u0104SKI SP\u00d3\u0141KA AKCYJNA ODDZIA\u0141 W \u017bORACH UL.BANKOWA 4","adres":"ul. BANKOWA, nr 4, lok. ---, miejsc. \u017bORY, kod 44-244, poczta \u017bORY, kraj POLSKA"},{"nazwa":"ING BANK \u015aL\u0104SKI SP\u00d3\u0141KA AKCYJNA ODDZIA\u0141 W \u017bYWCU UL.KO\u015aCIUSZKI 45","adres":"ul. KO\u015aCIUSZKI, nr 45, lok. ---, miejsc. \u017bYWIEC, kod 34-300, poczta \u017bYWIEC, kraj POLSKA"},{"nazwa":"ING BANK \u015aL\u0104SKI SP\u00d3\u0141KA AKCYJNA ODDZIA\u0141 W ANDRYCHOWIE UL.W\u0141\u00d3KNIARZY 1A","adres":"ul. W\u0141\u00d3KNIARZY, nr 1A, lok. ---, miejsc. ANDRYCH\u00d3W, kod 34-120, poczta ANDRYCH\u00d3W, kraj POLSKA"},{"nazwa":"ING BANK \u015aL\u0104SKI SP\u00d3\u0141KA AKCYJNA ODDZIA\u0141 W BIERUNIU UL.RYNEK 6","adres":"ul. RYNEK, nr 6, lok. ---, miejsc. BIERU\u0143, kod 43-150, poczta BIERU\u0143, kraj POLSKA"},{"nazwa":"ING BANK \u015aL\u0104SKI SP\u00d3\u0141KA AKCYJNA ODDZIA\u0141 W BRZEGU UL.CHROBREGO 2A","adres":"ul. CHROBREGO, nr 2A, lok. ---, miejsc. BRZEG, kod 49-300, poczta BRZEG, kraj POLSKA"},{"nazwa":"ING BANK \u015aL\u0104SKI SP\u00d3\u0141KA AKCYJNA ODDZIA\u0141 W BRZESZCZACH UL.DWORCOWA 3","adres":"ul. DWORCOWA, nr 3, lok. ---, miejsc. BRZESZCZE, kod 32-620, poczta BRZESZCZE, kraj POLSKA"},{"nazwa":"ING BANK \u015aL\u0104SKI SP\u00d3\u0141KA AKCYJNA ODDZIA\u0141 W BYTOMIU UL.STRZELC\u00d3W BYTOMSKICH 274B","adres":"ul. STRZELC\u00d3W BYTOMSKICH, nr 274B, lok. ---, miejsc. BYTOM, kod 41-935, poczta BYTOM, kraj POLSKA"},{"nazwa":"ING BANK \u015aL\u0104SKI SP\u00d3\u0141KA AKCYJNA ODDZIA\u0141 W BYTOMIU UL.REPTOWSKA 53A","adres":"ul. REPTOWSKA, nr 53A, lok. ---, miejsc. BYTOM, kod 41-908, poczta BYTOM, kraj POLSKA"},{"nazwa":"ING BANK \u015aL\u0104SKI SP\u00d3\u0141KA AKCYJNA ODDZIA\u0141 W BYTOMIU UL. TATRZA\u0143SKA 2","adres":"ul. TATRZA\u0143SKA, nr 2, lok. ---, miejsc. BYTOM, kod 41-907, poczta BYTOM, kraj POLSKA"},{"nazwa":"ING BANK \u015aL\u0104SKI SP\u00d3\u0141KA AKCYJNA ODDZIA\u0141 W TRZEBINI UL. RYNEK 3","adres":"ul. RYNEK, nr 3, lok. ---, miejsc. ---, kod 32-540, poczta TRZEBINIA, kraj POLSKA"},{"nazwa":"ING BANK \u015aL\u0104SKI SP\u00d3\u0141KA AKCYJNA ODDZIA\u0141 W CZERWIONCE LESZCZYNACH UL.FURGO\u0141A 8A","adres":"ul. FURGO\u0141A, nr 8A, lok. ---, miejsc. CZERWIONKA LESZCZYNY, kod 44-230, poczta CZERWIONKA- LESZCZYNY, kraj POLSKA"},{"nazwa":"ING BANK \u015aL\u0104SKI SP\u00d3\u0141KA AKCYJNA ODDZIA\u0141 W D\u0104BROWIE G\u00d3RNICZEJ AL.PI\u0141SUDSKIEGO 19","adres":"ul. ALEJA J\u00d3ZEFA PI\u0141SUDSKIEGO, nr 19, lok. ---, miejsc. D\u0104BROWA G\u00d3RNICZA, kod 41-303, poczta D\u0104BROWA G\u00d3RNICZA, kraj POLSKA"},{"nazwa":"ING BANK \u015aL\u0104SKI SP\u00d3\u0141KA AKCYJNA ODDZIA\u0141 W D\u0118BICY UL.RYNEK 27","adres":"ul. RYNEK, nr 27, lok. ---, miejsc. D\u0118BICA, kod 39-200, poczta D\u0118BICA, kraj POLSKA"},{"nazwa":"ING BANK \u015aL\u0104SKI SP\u00d3\u0141KA AKCYJNA ODDZIA\u0141 W JA\u015aLE UL.S\u0141OWACKIEGO 4","adres":"ul. S\u0141OWACKIEGO, nr 4, lok. ---, miejsc. JAS\u0141O, kod 38-200, poczta JAS\u0141O, kraj POLSKA"},{"nazwa":"ING BANK \u015aL\u0104SKI SP\u00d3\u0141KA AKCYJNA ODDZIA\u0141 W JELCZU-LASKOWICACH UL.O\u0141AWSKA 23H","adres":"ul. O\u0141AWSKA, nr 23H, lok. ---, miejsc. JELCZ-LASKOWICE, kod 55-220, poczta JELCZ-LASKOWICE, kraj POLSKA"},{"nazwa":"ING BANK \u015aL\u0104SKI SP\u00d3\u0141KA AKCYJNA ODDZIA\u0141 W KATOWICACH UL. PANEWNICKA 66","adres":"ul. PANEWNICKA, nr 66, lok. ---, miejsc. KATOWICE, kod 40-760, poczta KATOWICE, kraj POLSKA"},{"nazwa":"ING BANK \u015aL\u0104SKI SP\u00d3\u0141KA AKCYJNA ODDZIA\u0141 W KAZIMIERZY WIELKIEJ UL.TADEUSZA KO\u015aCIUSZKI 1","adres":"ul. TADEUSZA KO\u015aCIUSZKI, nr 1, lok. ---, miejsc. KAZIMIERZA WIELKA, kod 28-500, poczta KAZIMIERZA WIELKA, kraj POLSKA"},{"nazwa":"ING BANK \u015aL\u0104SKI SP\u00d3\u0141KA AKCYJNA ODDZIA\u0141 W KLUCZBORKU UL.MICKIEWICZA 14","adres":"ul. MICKIEWICZA, nr 14, lok. ---, miejsc. KLUCZBORK, kod 46-200, poczta KLUCZBORK, kraj POLSKA"},{"nazwa":"ING BANK \u015aL\u0104SKI SP\u00d3\u0141KA AKCYJNA ODDZIA\u0141 W KNUROWIE UL.\u0141OKIETKA 1","adres":"ul. \u0141OKIETKA, nr 1, lok. ---, miejsc. KNUR\u00d3W, kod 44-194, poczta KNUR\u00d3W, kraj POLSKA"},{"nazwa":"ING BANK \u015aL\u0104SKI SP\u00d3\u0141KA AKCYJNA ODDZIA\u0141 W KOSTRZYNIE UL.DWORCOWA 1","adres":"ul. DWORCOWA, nr 1, lok. ---, miejsc. KOSTRZYN, kod 62-025, poczta KOSTRZYN, kraj POLSKA"},{"nazwa":"ING BANK \u015aL\u0104SKI SP\u00d3\u0141KA AKCYJNA ODDZIA\u0141 W KRYNICY-ZDROJU UL.KRASZEWSKIEGO 1","adres":"ul. KRASZEWSKIEGO, nr 1, lok. ---, miejsc. KRYNICA, kod 33-380, poczta KRYNICA, kraj POLSKA"},{"nazwa":"ING BANK \u015aL\u0104SKI SP\u00d3\u0141KA AKCYJNA ODDZIA\u0141 W L\u0118DZINACH UL.HO\u0141DUNOWSKA 18B","adres":"ul. HO\u0141DUNOWSKA, nr 18 B, lok. ---, miejsc. L\u0118DZINY, kod 43-143, poczta L\u0118DZINY, kraj POLSKA"},{"nazwa":"ING BANK \u015aL\u0104SKI SP\u00d3\u0141KA AKCYJNA ODDZIA\u0141 W \u0141AZISKACH G\u00d3RNYCH UL.SPOKOJNA 2","adres":"ul. SPOKOJNA, nr 2, lok. ---, miejsc. \u0141AZISKA G\u00d3RNE, kod 43-170, poczta \u0141AZISKA G\u00d3RNE, kraj POLSKA"},{"nazwa":"ING BANK \u015aL\u0104SKI SP\u00d3\u0141KA AKCYJNA ODDZIA\u0141 W MIASTECZKU \u015aL\u0104SKIM UL.RYNEK 8","adres":"ul. RYNEK, nr 8, lok. ---, miejsc. MIASTECZKO \u015aL\u0104SKIE, kod 42-610, poczta MIASTECZKO \u015aL\u0104SKIE, kraj POLSKA"},{"nazwa":"ING BANK \u015aL\u0104SKI SP\u00d3\u0141KA AKCYJNA ODDZIA\u0141 W NAMYS\u0141OWIE UL.PARTYZANT\u00d3W 1","adres":"ul. PARTYZANT\u00d3W, nr 1, lok. ---, miejsc. NAMYS\u0141\u00d3W, kod 46-100, poczta NAMYS\u0141\u00d3W, kraj POLSKA"},{"nazwa":"ING BANK \u015aL\u0104SKI SP\u00d3\u0141KA AKCYJNA ODDZIA\u0141 W OBORNIKACH \u015aL\u0104SKICH UL.DWORCOWA 42","adres":"ul. DWORCOWA, nr 42, lok. ---, miejsc. OBORNIKI \u015aL\u0104SKIE, kod 55-035, poczta OBORNIKI \u015aL\u0104SKIE, kraj POLSKA"},{"nazwa":"ING BANK \u015aL\u0104SKI SP\u00d3\u0141KA AKCYJNA ODDZIA\u0141 W OLSZTYNIE UL.KONSULATU POLSKIEGO 1","adres":"ul. KONSULATU POLSKIEGO, nr 1, lok. ---, miejsc. OLSZTYN, kod 10-532, poczta OLSZTYN, kraj POLSKA"},{"nazwa":"ING BANK \u015aL\u0104SKI SP\u00d3\u0141KA AKCYJNA ODDZIA\u0141 W ORZESZU UL.\u015aW. WAWRZY\u0143CA 1","adres":"ul. \u015aW.WAWRZY\u0143CA, nr 1, lok. ---, miejsc. ORZESZE, kod 43-180, poczta ORZESZE, kraj POLSKA"},{"nazwa":"ING BANK \u015aL\u0104SKI SP\u00d3\u0141KA AKCYJNA ODDZIA\u0141 W PAW\u0141OWICACH UL. G\u00d3RNICZA 52","adres":"ul. G\u00d3RNICZA, nr 52, lok. ---, miejsc. PAW\u0141OWICE, kod 43-251, poczta PAW\u0141OWICE, kraj POLSKA"},{"nazwa":"ING BANK \u015aL\u0104SKI SP\u00d3\u0141KA AKCYJNA ODDZIA\u0141 W POBIEDZISKACH UL.KAZIMIERZA ODNOWICIELA 5","adres":"ul. KAZIMIERZA ODNOWICIELA, nr 5, lok. ---, miejsc. POBIEDZISKA, kod 62-010, poczta POBIEDZISKA, kraj POLSKA"},{"nazwa":"ING BANK \u015aL\u0104SKI SP\u00d3\u0141KA AKCYJNA ODDZIA\u0141 W PRASZCE UL.STYCZNIOWA 12","adres":"ul. STYCZNIOWA, nr 12, lok. ---, miejsc. PRASZKA, kod 46-320, poczta PRASZKA, kraj POLSKA"},{"nazwa":"ING BANK \u015aL\u0104SKI SP\u00d3\u0141KA AKCYJNA ODDZIA\u0141 W PRZE\u0179MIEROWIE UL.RYNKOWA 73","adres":"ul. RYNKOWA, nr 73, lok. ---, miejsc. PRZE\u0179MIEROWO, kod 62-081, poczta PRZE\u0179MIEROWO, kraj POLSKA"}]},"Aggs":{"_page":{"doc_count":0,"page":{"hits":{"total":0,"max_score":null,"hits":[]}}}}}
